{
  "graph_info": {
    "file_path": "data/monaco.osm.pbf",
    "vertices": 32492,
    "edges": 72318
  },
  "degrees": {
    "min": 0,
    "max": 20,
    "median": 2.0,
    "average": 2.225717099593746,
    "distribution": {
      "0": 2279,
      "15": 1,
      "1": 641,
      "12": 56,
      "6": 196,
      "4": 3028,
      "5": 111,
      "14": 12,
      "9": 9,
      "7": 5,
      "8": 76,
      "13": 3,
      "3": 2046,
      "2": 23806,
      "11": 10,
      "16": 12,
      "20": 1,
      "10": 182,
      "18": 18
    }
  },
  "diameter": {
    "value": 233,
    "is_estimated": false,
    "sample_size": null,
    "method": "exact"
  },
  "average_path_length": {
    "value": 80.12180674431818,
    "skipped": false,
    "reason": null
  },
  "clustering": {
    "min": 0.0,
    "max": 1.0,
    "median": 0.0,
    "average": 0.0017378555702159228,
    "nodes_calculated": 32492,
    "total_nodes": 32492
  },
  "execution": {
    "mode": "FULL",
    "total_time_seconds": 45.774959083
  }
}
